STAFF_ID,NAME,AGE,PHONE_NUMBER,ROLE
1,John Smith,45,9876543210,Warden
2,Jane Doe,38,8765432109,Deputy Warden
3,Michael Johnson,50,7654321098,Chief Security Officer
4,Emily Davis,32,6543210987,Medical Officer
5,James Taylor,47,3210987654,Administrative Officer
6,Laura Moore,35,2109876543,Rehabilitation Officer
7,William Brown,41,5432109876,Education Coordinator
8,Olivia Martin,33,5987654321,Case Manager
9,Christopher Thompson,41,6987654321,Program Director
10,Emma Garcia,27,7987654321,Parole Officer
11,Joshua Martinez,36,8987654321,Food Service Manager
12,Isabella Robinson,31,9987654321,Maintenance Supervisor
13,Andrew Clark,48,8976543210,Chaplain
14,Chloe Rodriguez,26,7965432109,Recreation Specialist
15,Joseph Lewis,37,6954321098,IT Specialist
16,Grace Lee,34,5943210987,Human Resources Manager
17,Samuel Walker,43,4932109876,Training Officer
18,Victoria Hall,29,3921098765,Legal Advisor
19,Anthony Allen,46,2910987654,Financial Officer
20,Abigail Young,32,1909876543,Library Technician
21,Joseph Lewis,37,6954321098,Correctional Officer
22,Grace Lee,34,5943210987,Correctional Officer
23,Samuel Walker,43,4932109876,Correctional Officer
24,Victoria Hall,29,3921098765,Correctional Officer
25,Anthony Allen,46,2910987654,Correctional Officer
26,Abigail Young,32,1909876543,Correctional Officer
27,Henry Hernandez,38,8909876543,Correctional Officer
28,Sophia King,30,7898765432,Correctional Officer
29,Jackson Wright,35,6887654321,Correctional Officer
30,Mia Lopez,28,5876543210,Correctional Officer
31,William Hill,49,4865432109,Correctional Officer
32,Ella Scott,27,3854321098,Correctional Officer
33,Logan Green,40,2843210987,Correctional Officer
34,Ava Adams,31,1832109876,Correctional Officer
35,Lucas Baker,45,9821098765,Correctional Officer
36,Harper Gonzalez,29,8810987654,Correctional Officer
37,Jayden Nelson,33,7809876543,Correctional Officer
38,Aria Carter,26,6798765432,Correctional Officer
39,Elijah Mitchell,37,5787654321,Correctional Officer
40,Scarlett Perez,34,4776543210,Correctional Officer